{
  "siteBaseUrl": "https://plataforma.domboscorj.com.br/",
  "audio": {
    "src": "assets/audio/fund1-alfabetizacao_com_significado.mp3",
    "download": "assets/audio/fund1-alfabetizacao_com_significado.mp3",
    "title": "Alfabetização com significado"
  },
  "seo": {
    "title": "Alfabetização com significado — Dom Bosco RJ",
    "description": "Audiobook: Alfabetização com significado — Ler e escrever com prazer. Colégio Dom Bosco RJ.",
    "image": "assets/img/logo-colegio-db.png",
    "canonical": "https://plataforma.domboscorj.com.br/audiobook/"
  },
  "ui": {
    "kicker": "Audiobook • Anos Iniciais",
    "pageTitle": "Alfabetização com significado",
    "pageSubtitle": "Ler e escrever com prazer",
    "lead": "A alfabetização com significado desperta a imaginação, conecta letras à vida real e, desde já, abre caminho para o futuro.",
    "trackTitle": "Alfabetização com significado",
    "sectionTitle": "Sobre o aprendizado"
  },
  "articles": [
    {
      "title": "🟢 A leitura que desperta",
      "text": "“A alfabetização é um dos momentos mais marcantes da vida escolar. Cada palavra aprendida abre portas para a imaginação, a criatividade e o conhecimento.”"
    },
    {
      "title": "🟢 A ciência do aprender",
      "text": "“Pesquisas mostram que a alfabetização é mais significativa quando conecta letras e palavras à vida real — tornando o aprendizado vivo e transformador.”"
    },
    {
      "title": "🟢 O futuro começa agora",
      "text": "“Nos anos iniciais do ensino fundamental, cada conquista é celebrada, e cada desafio é superado com apoio e incentivo.”"
    }
  ],
  "links": {
    "spotify": "https://open.spotify.com/episode/1vQPuSzHOW1XR6kcAxfht2?si=EL2Bgv8fR9i1nioT11sjYA",
    "cta": "https://wa.me/5521989886632?text=Ol%C3%A1!%20Tenho%20interesse%20nas%20matr%C3%ADculas.",
    "brand": "https://domboscorj.com.br/",
    "download": ""
  },
  "contacts": {
    "phone": "+552141090710",
    "whatsapp": "+5521989886632",
    "email": "contato@domboscorj.com.br"
  }
}
