{
  "siteBaseUrl": "https://plataforma.domboscorj.com.br/",
  "audio": {
    "src": "assets/audio/pagina1.mp3",
    "download": "assets/audio/pagina1.mp3",
    "title": "Página 1 — Alfabetização com significado"
  },
  "seo": {
    "title": "Página 1 — Audiobook Dom Bosco RJ",
    "description": "Conteúdo do episódio 1.",
    "image": "assets/img/logo-colegio-db.png",
    "canonical": "https://plataforma.domboscorj.com.br/audiobook/pagina1.html"
  },
  "ui": {
    "kicker": "Audiobook • Anos Iniciais Pagina 1",
    "pageTitle": "Episódio 1 — Alfabetização com significado",
    "pageSubtitle": "Ler e escrever com prazer",
    "lead": "Introduz os pilares da alfabetização significativa.",
    "trackTitle": "Episódio 1",
    "sectionTitle": "Sobre o aprendizado"
  },
  "links": {
    "spotify": "https://open.spotify.com/episode/xxxxxxxx",
    "cta": "https://domboscorj.com.br/contato",
    "download": ""
  }
}
